<?xml version="1.0" encoding="UTF-8"?>
<root>
  <item name="com.smaato.sdk.video.vast.widget.element.VastElementErrorCodeStrategy int getVastErrorCode(com.smaato.sdk.video.vast.widget.element.VastElementException)">
    <annotation name="androidx.annotation.IntDef">
      <val name="value" val="{com.smaato.sdk.video.vast.model.ErrorCode.XML_PARSING_ERROR, com.smaato.sdk.video.vast.model.ErrorCode.XML_SCHEMA_VALIDATION_ERROR, com.smaato.sdk.video.vast.model.ErrorCode.VAST_VERSION_RESPONSE_NOT_SUPPORTED_ERROR, com.smaato.sdk.video.vast.model.ErrorCode.NOT_EXPECTED_AD_TRAFFICKING_ERROR, com.smaato.sdk.video.vast.model.ErrorCode.DIFFERENT_LINEARITY_EXPECTED_ERROR, com.smaato.sdk.video.vast.model.ErrorCode.DIFFERENT_DURATION_EXPECTED_ERROR, com.smaato.sdk.video.vast.model.ErrorCode.DIFFERENT_SIZE_EXPECTED_ERROR, com.smaato.sdk.video.vast.model.ErrorCode.NO_AD_CATEGORY_PROVIDED_ERROR, com.smaato.sdk.video.vast.model.ErrorCode.INLINE_CATEGORY_VIOLATES_BLOCKED_CATEGORIES_ERROR, com.smaato.sdk.video.vast.model.ErrorCode.GENERAL_WRAPPER_ERROR, com.smaato.sdk.video.vast.model.ErrorCode.WRAPPER_REQUEST_TIMEOUT_ERROR, com.smaato.sdk.video.vast.model.ErrorCode.TOO_MANY_WRAPPER_REDIRECTS_ERROR, com.smaato.sdk.video.vast.model.ErrorCode.NO_VAST_AFTER_WRAPPER_ERROR, com.smaato.sdk.video.vast.model.ErrorCode.INLINE_AD_DISPLAY_TIMEOUT_ERROR, com.smaato.sdk.video.vast.model.ErrorCode.GENERAL_LINEAR_ERROR, com.smaato.sdk.video.vast.model.ErrorCode.COULD_NOT_FIND_LINEAR_OR_MEDIAFILE_ERROR, com.smaato.sdk.video.vast.model.ErrorCode.MEDIAFILE_REQUEST_TIMEOUT_ERROR, com.smaato.sdk.video.vast.model.ErrorCode.COULD_NOT_FIND_SUPPORTED_MEDIA_FILE_ERROR, com.smaato.sdk.video.vast.model.ErrorCode.COULD_NOT_DISPLAY_MEDIA_FILE_ERROR, com.smaato.sdk.video.vast.model.ErrorCode.CONDITIONAL_AD_REJECTED_ERROR, com.smaato.sdk.video.vast.model.ErrorCode.INTERACTIVE_UNIT_NOT_EXECUTED_ERROR, com.smaato.sdk.video.vast.model.ErrorCode.VERIFICATION_UNIT_NOT_EXECUTED_ERROR, com.smaato.sdk.video.vast.model.ErrorCode.GENERAL_COMPANION_AD_ERROR, com.smaato.sdk.video.vast.model.ErrorCode.UNABLE_TO_DISPLAY_COMPANION_AD_DIMENSION_ARE_NOT_ALLIGNED_ERROR, com.smaato.sdk.video.vast.model.ErrorCode.UNABLE_TO_DISPLAY_COMPANION_AD_ERROR, com.smaato.sdk.video.vast.model.ErrorCode.UNABLE_TO_FETCH_COMPANION_AD_RESOURCE_ERROR, com.smaato.sdk.video.vast.model.ErrorCode.COULD_NOT_FIND_SUPPORTED_COMPANION_ERROR, com.smaato.sdk.video.vast.model.ErrorCode.UNDEFINED_ERROR, com.smaato.sdk.video.vast.model.ErrorCode.GENERAL_VPAID_ERROR}" />
    </annotation>
  </item>
  <item name="com.smaato.sdk.video.vast.widget.element.VastElementPresenter.Listener void onVastElementError(int) 0">
    <annotation name="androidx.annotation.IntDef">
      <val name="value" val="{com.smaato.sdk.video.vast.model.ErrorCode.XML_PARSING_ERROR, com.smaato.sdk.video.vast.model.ErrorCode.XML_SCHEMA_VALIDATION_ERROR, com.smaato.sdk.video.vast.model.ErrorCode.VAST_VERSION_RESPONSE_NOT_SUPPORTED_ERROR, com.smaato.sdk.video.vast.model.ErrorCode.NOT_EXPECTED_AD_TRAFFICKING_ERROR, com.smaato.sdk.video.vast.model.ErrorCode.DIFFERENT_LINEARITY_EXPECTED_ERROR, com.smaato.sdk.video.vast.model.ErrorCode.DIFFERENT_DURATION_EXPECTED_ERROR, com.smaato.sdk.video.vast.model.ErrorCode.DIFFERENT_SIZE_EXPECTED_ERROR, com.smaato.sdk.video.vast.model.ErrorCode.NO_AD_CATEGORY_PROVIDED_ERROR, com.smaato.sdk.video.vast.model.ErrorCode.INLINE_CATEGORY_VIOLATES_BLOCKED_CATEGORIES_ERROR, com.smaato.sdk.video.vast.model.ErrorCode.GENERAL_WRAPPER_ERROR, com.smaato.sdk.video.vast.model.ErrorCode.WRAPPER_REQUEST_TIMEOUT_ERROR, com.smaato.sdk.video.vast.model.ErrorCode.TOO_MANY_WRAPPER_REDIRECTS_ERROR, com.smaato.sdk.video.vast.model.ErrorCode.NO_VAST_AFTER_WRAPPER_ERROR, com.smaato.sdk.video.vast.model.ErrorCode.INLINE_AD_DISPLAY_TIMEOUT_ERROR, com.smaato.sdk.video.vast.model.ErrorCode.GENERAL_LINEAR_ERROR, com.smaato.sdk.video.vast.model.ErrorCode.COULD_NOT_FIND_LINEAR_OR_MEDIAFILE_ERROR, com.smaato.sdk.video.vast.model.ErrorCode.MEDIAFILE_REQUEST_TIMEOUT_ERROR, com.smaato.sdk.video.vast.model.ErrorCode.COULD_NOT_FIND_SUPPORTED_MEDIA_FILE_ERROR, com.smaato.sdk.video.vast.model.ErrorCode.COULD_NOT_DISPLAY_MEDIA_FILE_ERROR, com.smaato.sdk.video.vast.model.ErrorCode.CONDITIONAL_AD_REJECTED_ERROR, com.smaato.sdk.video.vast.model.ErrorCode.INTERACTIVE_UNIT_NOT_EXECUTED_ERROR, com.smaato.sdk.video.vast.model.ErrorCode.VERIFICATION_UNIT_NOT_EXECUTED_ERROR, com.smaato.sdk.video.vast.model.ErrorCode.GENERAL_COMPANION_AD_ERROR, com.smaato.sdk.video.vast.model.ErrorCode.UNABLE_TO_DISPLAY_COMPANION_AD_DIMENSION_ARE_NOT_ALLIGNED_ERROR, com.smaato.sdk.video.vast.model.ErrorCode.UNABLE_TO_DISPLAY_COMPANION_AD_ERROR, com.smaato.sdk.video.vast.model.ErrorCode.UNABLE_TO_FETCH_COMPANION_AD_RESOURCE_ERROR, com.smaato.sdk.video.vast.model.ErrorCode.COULD_NOT_FIND_SUPPORTED_COMPANION_ERROR, com.smaato.sdk.video.vast.model.ErrorCode.UNDEFINED_ERROR, com.smaato.sdk.video.vast.model.ErrorCode.GENERAL_VPAID_ERROR}" />
    </annotation>
  </item>
</root>

