<?xml version="1.0" encoding="UTF-8"?>
<root>
  <item name="com.fyber.inneractive.sdk.player.exoplayer2.text.cea.Cea708Cue Cea708Cue(java.lang.CharSequence, android.text.Layout.Alignment, float, int, int, float, int, float, boolean, int, int) 3">
    <annotation name="androidx.annotation.IntDef">
      <val name="value" val="{com.fyber.inneractive.sdk.player.exoplayer2.text.Cue.TYPE_UNSET, com.fyber.inneractive.sdk.player.exoplayer2.text.Cue.LINE_TYPE_FRACTION, com.fyber.inneractive.sdk.player.exoplayer2.text.Cue.LINE_TYPE_NUMBER}" />
    </annotation>
  </item>
  <item name="com.fyber.inneractive.sdk.player.exoplayer2.text.cea.Cea708Cue Cea708Cue(java.lang.CharSequence, android.text.Layout.Alignment, float, int, int, float, int, float, boolean, int, int) 4">
    <annotation name="androidx.annotation.IntDef">
      <val name="value" val="{com.fyber.inneractive.sdk.player.exoplayer2.text.Cue.TYPE_UNSET, com.fyber.inneractive.sdk.player.exoplayer2.text.Cue.ANCHOR_TYPE_START, com.fyber.inneractive.sdk.player.exoplayer2.text.Cue.ANCHOR_TYPE_MIDDLE, com.fyber.inneractive.sdk.player.exoplayer2.text.Cue.ANCHOR_TYPE_END}" />
    </annotation>
  </item>
  <item name="com.fyber.inneractive.sdk.player.exoplayer2.text.cea.Cea708Cue Cea708Cue(java.lang.CharSequence, android.text.Layout.Alignment, float, int, int, float, int, float, boolean, int, int) 6">
    <annotation name="androidx.annotation.IntDef">
      <val name="value" val="{com.fyber.inneractive.sdk.player.exoplayer2.text.Cue.TYPE_UNSET, com.fyber.inneractive.sdk.player.exoplayer2.text.Cue.ANCHOR_TYPE_START, com.fyber.inneractive.sdk.player.exoplayer2.text.Cue.ANCHOR_TYPE_MIDDLE, com.fyber.inneractive.sdk.player.exoplayer2.text.Cue.ANCHOR_TYPE_END}" />
    </annotation>
  </item>
</root>

