<?xml version="1.0" encoding="UTF-8"?>
<root>
  <item name="com.fyber.inneractive.sdk.player.exoplayer2.extractor.wav.WavHeader WavHeader(int, int, int, int, int, int) 5">
    <annotation name="androidx.annotation.IntDef">
      <val name="value" val="{com.fyber.inneractive.sdk.player.exoplayer2.Format.NO_VALUE, com.fyber.inneractive.sdk.player.exoplayer2.C.ENCODING_INVALID, com.fyber.inneractive.sdk.player.exoplayer2.C.ENCODING_PCM_8BIT, com.fyber.inneractive.sdk.player.exoplayer2.C.ENCODING_PCM_16BIT, com.fyber.inneractive.sdk.player.exoplayer2.C.ENCODING_PCM_24BIT, com.fyber.inneractive.sdk.player.exoplayer2.C.ENCODING_PCM_32BIT}" />
    </annotation>
  </item>
  <item name="com.fyber.inneractive.sdk.player.exoplayer2.extractor.wav.WavHeader encoding">
    <annotation name="androidx.annotation.IntDef">
      <val name="value" val="{com.fyber.inneractive.sdk.player.exoplayer2.Format.NO_VALUE, com.fyber.inneractive.sdk.player.exoplayer2.C.ENCODING_INVALID, com.fyber.inneractive.sdk.player.exoplayer2.C.ENCODING_PCM_8BIT, com.fyber.inneractive.sdk.player.exoplayer2.C.ENCODING_PCM_16BIT, com.fyber.inneractive.sdk.player.exoplayer2.C.ENCODING_PCM_24BIT, com.fyber.inneractive.sdk.player.exoplayer2.C.ENCODING_PCM_32BIT}" />
    </annotation>
  </item>
  <item name="com.fyber.inneractive.sdk.player.exoplayer2.extractor.wav.WavHeader int getEncoding()">
    <annotation name="androidx.annotation.IntDef">
      <val name="value" val="{com.fyber.inneractive.sdk.player.exoplayer2.Format.NO_VALUE, com.fyber.inneractive.sdk.player.exoplayer2.C.ENCODING_INVALID, com.fyber.inneractive.sdk.player.exoplayer2.C.ENCODING_PCM_8BIT, com.fyber.inneractive.sdk.player.exoplayer2.C.ENCODING_PCM_16BIT, com.fyber.inneractive.sdk.player.exoplayer2.C.ENCODING_PCM_24BIT, com.fyber.inneractive.sdk.player.exoplayer2.C.ENCODING_PCM_32BIT}" />
    </annotation>
  </item>
</root>

