<?xml version="1.0" encoding="UTF-8"?>
<root>
  <item name="com.startapp.sdk.rsc.triggers.RscBaseRequestTrigger types">
    <annotation name="androidx.annotation.IntDef">
      <val name="value" val="{com.startapp.sdk.adsbase.BaseRequest.Type.SDK_DOWNLOAD, com.startapp.sdk.adsbase.BaseRequest.Type.METADATA, com.startapp.sdk.adsbase.BaseRequest.Type.GET_AD, com.startapp.sdk.adsbase.BaseRequest.Type.INFO_EVENT, com.startapp.sdk.adsbase.BaseRequest.Type.TRACKING}" />
    </annotation>
  </item>
  <item name="com.startapp.sdk.rsc.triggers.RscBaseRequestTrigger types">
    <annotation name="androidx.annotation.IntDef">
      <val name="value" val="{com.startapp.sdk.adsbase.BaseRequest.Type.SDK_DOWNLOAD, com.startapp.sdk.adsbase.BaseRequest.Type.METADATA, com.startapp.sdk.adsbase.BaseRequest.Type.GET_AD, com.startapp.sdk.adsbase.BaseRequest.Type.INFO_EVENT, com.startapp.sdk.adsbase.BaseRequest.Type.TRACKING}" />
    </annotation>
  </item>
  <item name="com.startapp.sdk.rsc.triggers.RscTriggerType">
    <annotation name="androidx.annotation.IntDef">
      <val name="value" val="{com.startapp.sdk.rsc.triggers.RscTriggerType.BASE_REQUEST, com.startapp.sdk.rsc.triggers.RscTriggerType.INFO_EVENT, com.startapp.sdk.rsc.triggers.RscTriggerType.BROADCAST_RECEIVER, com.startapp.sdk.rsc.triggers.RscTriggerType.INFO_EVENT_CATEGORY_VALUE}" />
    </annotation>
  </item>
  <item name="com.startapp.sdk.rsc.triggers.RscTriggerType">
    <annotation name="androidx.annotation.IntDef">
      <val name="value" val="{com.startapp.sdk.rsc.triggers.RscTriggerType.BASE_REQUEST, com.startapp.sdk.rsc.triggers.RscTriggerType.INFO_EVENT, com.startapp.sdk.rsc.triggers.RscTriggerType.BROADCAST_RECEIVER, com.startapp.sdk.rsc.triggers.RscTriggerType.INFO_EVENT_CATEGORY_VALUE}" />
    </annotation>
  </item>
</root>

