<?xml version="1.0" encoding="UTF-8"?>
<root>
  <item name="com.vungle.warren.ui.contract.AdContract.AdStopReason">
    <annotation name="androidx.annotation.IntDef">
      <val name="flag" val="true" />
      <val name="value" val="{com.vungle.warren.ui.contract.AdContract.AdStopReason.IS_CHANGING_CONFIGURATION, com.vungle.warren.ui.contract.AdContract.AdStopReason.IS_AD_FINISHING, com.vungle.warren.ui.contract.AdContract.AdStopReason.IS_AD_FINISHED_BY_API}" />
    </annotation>
  </item>
  <item name="com.vungle.warren.ui.contract.AdContract.AdvertisementPresenter void stop(int) 0">
    <annotation name="androidx.annotation.IntDef">
      <val name="flag" val="true" />
      <val name="value" val="{com.vungle.warren.ui.contract.AdContract.AdStopReason.IS_CHANGING_CONFIGURATION, com.vungle.warren.ui.contract.AdContract.AdStopReason.IS_AD_FINISHING, com.vungle.warren.ui.contract.AdContract.AdStopReason.IS_AD_FINISHED_BY_API}" />
    </annotation>
  </item>
</root>

