<?xml version="1.0" encoding="UTF-8"?>
<root>
  <item name="com.fyber.inneractive.sdk.player.exoplayer2.C.BufferFlags">
    <annotation name="androidx.annotation.IntDef">
      <val name="flag" val="true" />
      <val name="value" val="{com.fyber.inneractive.sdk.player.exoplayer2.C.BUFFER_FLAG_KEY_FRAME, com.fyber.inneractive.sdk.player.exoplayer2.C.BUFFER_FLAG_END_OF_STREAM, com.fyber.inneractive.sdk.player.exoplayer2.C.BUFFER_FLAG_ENCRYPTED, com.fyber.inneractive.sdk.player.exoplayer2.C.BUFFER_FLAG_DECODE_ONLY}" />
    </annotation>
  </item>
  <item name="com.fyber.inneractive.sdk.player.exoplayer2.C.ColorRange">
    <annotation name="androidx.annotation.IntDef">
      <val name="value" val="{com.fyber.inneractive.sdk.player.exoplayer2.Format.NO_VALUE, com.fyber.inneractive.sdk.player.exoplayer2.C.COLOR_RANGE_LIMITED, com.fyber.inneractive.sdk.player.exoplayer2.C.COLOR_RANGE_FULL}" />
    </annotation>
  </item>
  <item name="com.fyber.inneractive.sdk.player.exoplayer2.C.ColorSpace">
    <annotation name="androidx.annotation.IntDef">
      <val name="value" val="{com.fyber.inneractive.sdk.player.exoplayer2.Format.NO_VALUE, com.fyber.inneractive.sdk.player.exoplayer2.C.COLOR_SPACE_BT709, com.fyber.inneractive.sdk.player.exoplayer2.C.COLOR_SPACE_BT601, com.fyber.inneractive.sdk.player.exoplayer2.C.COLOR_SPACE_BT2020}" />
    </annotation>
  </item>
  <item name="com.fyber.inneractive.sdk.player.exoplayer2.C.ColorTransfer">
    <annotation name="androidx.annotation.IntDef">
      <val name="value" val="{com.fyber.inneractive.sdk.player.exoplayer2.Format.NO_VALUE, com.fyber.inneractive.sdk.player.exoplayer2.C.COLOR_TRANSFER_SDR, com.fyber.inneractive.sdk.player.exoplayer2.C.COLOR_TRANSFER_ST2084, com.fyber.inneractive.sdk.player.exoplayer2.C.COLOR_TRANSFER_HLG}" />
    </annotation>
  </item>
  <item name="com.fyber.inneractive.sdk.player.exoplayer2.C.ContentType">
    <annotation name="androidx.annotation.IntDef">
      <val name="value" val="{com.fyber.inneractive.sdk.player.exoplayer2.C.TYPE_DASH, com.fyber.inneractive.sdk.player.exoplayer2.C.TYPE_SS, com.fyber.inneractive.sdk.player.exoplayer2.C.TYPE_HLS, com.fyber.inneractive.sdk.player.exoplayer2.C.TYPE_OTHER}" />
    </annotation>
  </item>
  <item name="com.fyber.inneractive.sdk.player.exoplayer2.C.CryptoMode">
    <annotation name="androidx.annotation.IntDef">
      <val name="value" val="{com.fyber.inneractive.sdk.player.exoplayer2.C.CRYPTO_MODE_UNENCRYPTED, com.fyber.inneractive.sdk.player.exoplayer2.C.CRYPTO_MODE_AES_CTR, com.fyber.inneractive.sdk.player.exoplayer2.C.CRYPTO_MODE_AES_CBC}" />
    </annotation>
  </item>
  <item name="com.fyber.inneractive.sdk.player.exoplayer2.C.Encoding">
    <annotation name="androidx.annotation.IntDef">
      <val name="value" val="{com.fyber.inneractive.sdk.player.exoplayer2.Format.NO_VALUE, com.fyber.inneractive.sdk.player.exoplayer2.C.ENCODING_INVALID, com.fyber.inneractive.sdk.player.exoplayer2.C.ENCODING_PCM_8BIT, com.fyber.inneractive.sdk.player.exoplayer2.C.ENCODING_PCM_16BIT, com.fyber.inneractive.sdk.player.exoplayer2.C.ENCODING_PCM_24BIT, com.fyber.inneractive.sdk.player.exoplayer2.C.ENCODING_PCM_32BIT, com.fyber.inneractive.sdk.player.exoplayer2.C.ENCODING_AC3, com.fyber.inneractive.sdk.player.exoplayer2.C.ENCODING_E_AC3, com.fyber.inneractive.sdk.player.exoplayer2.C.ENCODING_DTS, com.fyber.inneractive.sdk.player.exoplayer2.C.ENCODING_DTS_HD}" />
    </annotation>
  </item>
  <item name="com.fyber.inneractive.sdk.player.exoplayer2.C.PcmEncoding">
    <annotation name="androidx.annotation.IntDef">
      <val name="value" val="{com.fyber.inneractive.sdk.player.exoplayer2.Format.NO_VALUE, com.fyber.inneractive.sdk.player.exoplayer2.C.ENCODING_INVALID, com.fyber.inneractive.sdk.player.exoplayer2.C.ENCODING_PCM_8BIT, com.fyber.inneractive.sdk.player.exoplayer2.C.ENCODING_PCM_16BIT, com.fyber.inneractive.sdk.player.exoplayer2.C.ENCODING_PCM_24BIT, com.fyber.inneractive.sdk.player.exoplayer2.C.ENCODING_PCM_32BIT}" />
    </annotation>
  </item>
  <item name="com.fyber.inneractive.sdk.player.exoplayer2.C.SelectionFlags">
    <annotation name="androidx.annotation.IntDef">
      <val name="flag" val="true" />
      <val name="value" val="{com.fyber.inneractive.sdk.player.exoplayer2.C.SELECTION_FLAG_DEFAULT, com.fyber.inneractive.sdk.player.exoplayer2.C.SELECTION_FLAG_FORCED, com.fyber.inneractive.sdk.player.exoplayer2.C.SELECTION_FLAG_AUTOSELECT}" />
    </annotation>
  </item>
  <item name="com.fyber.inneractive.sdk.player.exoplayer2.C.StereoMode">
    <annotation name="androidx.annotation.IntDef">
      <val name="value" val="{com.fyber.inneractive.sdk.player.exoplayer2.Format.NO_VALUE, com.fyber.inneractive.sdk.player.exoplayer2.C.STEREO_MODE_MONO, com.fyber.inneractive.sdk.player.exoplayer2.C.STEREO_MODE_TOP_BOTTOM, com.fyber.inneractive.sdk.player.exoplayer2.C.STEREO_MODE_LEFT_RIGHT, com.fyber.inneractive.sdk.player.exoplayer2.C.STEREO_MODE_STEREO_MESH}" />
    </annotation>
  </item>
  <item name="com.fyber.inneractive.sdk.player.exoplayer2.C.StreamType">
    <annotation name="androidx.annotation.IntDef">
      <val name="value" val="{com.fyber.inneractive.sdk.player.exoplayer2.C.STREAM_TYPE_ALARM, com.fyber.inneractive.sdk.player.exoplayer2.C.STREAM_TYPE_MUSIC, com.fyber.inneractive.sdk.player.exoplayer2.C.STREAM_TYPE_NOTIFICATION, com.fyber.inneractive.sdk.player.exoplayer2.C.STREAM_TYPE_RING, com.fyber.inneractive.sdk.player.exoplayer2.C.STREAM_TYPE_SYSTEM, com.fyber.inneractive.sdk.player.exoplayer2.C.STREAM_TYPE_VOICE_CALL}" />
    </annotation>
  </item>
  <item name="com.fyber.inneractive.sdk.player.exoplayer2.C.VideoScalingMode">
    <annotation name="androidx.annotation.IntDef">
      <val name="value" val="{com.fyber.inneractive.sdk.player.exoplayer2.C.VIDEO_SCALING_MODE_SCALE_TO_FIT, com.fyber.inneractive.sdk.player.exoplayer2.C.VIDEO_SCALING_MODE_SCALE_TO_FIT_WITH_CROPPING}" />
    </annotation>
  </item>
  <item name="com.fyber.inneractive.sdk.player.exoplayer2.DefaultRenderersFactory DefaultRenderersFactory(android.content.Context, com.fyber.inneractive.sdk.player.exoplayer2.drm.DrmSessionManager&lt;com.fyber.inneractive.sdk.player.exoplayer2.drm.FrameworkMediaCrypto&gt;, int) 2">
    <annotation name="androidx.annotation.IntDef">
      <val name="value" val="{com.fyber.inneractive.sdk.player.exoplayer2.DefaultRenderersFactory.EXTENSION_RENDERER_MODE_OFF, com.fyber.inneractive.sdk.player.exoplayer2.DefaultRenderersFactory.EXTENSION_RENDERER_MODE_ON, com.fyber.inneractive.sdk.player.exoplayer2.DefaultRenderersFactory.EXTENSION_RENDERER_MODE_PREFER}" />
    </annotation>
  </item>
  <item name="com.fyber.inneractive.sdk.player.exoplayer2.DefaultRenderersFactory DefaultRenderersFactory(android.content.Context, com.fyber.inneractive.sdk.player.exoplayer2.drm.DrmSessionManager&lt;com.fyber.inneractive.sdk.player.exoplayer2.drm.FrameworkMediaCrypto&gt;, int, long) 2">
    <annotation name="androidx.annotation.IntDef">
      <val name="value" val="{com.fyber.inneractive.sdk.player.exoplayer2.DefaultRenderersFactory.EXTENSION_RENDERER_MODE_OFF, com.fyber.inneractive.sdk.player.exoplayer2.DefaultRenderersFactory.EXTENSION_RENDERER_MODE_ON, com.fyber.inneractive.sdk.player.exoplayer2.DefaultRenderersFactory.EXTENSION_RENDERER_MODE_PREFER}" />
    </annotation>
  </item>
  <item name="com.fyber.inneractive.sdk.player.exoplayer2.DefaultRenderersFactory extensionRendererMode">
    <annotation name="androidx.annotation.IntDef">
      <val name="value" val="{com.fyber.inneractive.sdk.player.exoplayer2.DefaultRenderersFactory.EXTENSION_RENDERER_MODE_OFF, com.fyber.inneractive.sdk.player.exoplayer2.DefaultRenderersFactory.EXTENSION_RENDERER_MODE_ON, com.fyber.inneractive.sdk.player.exoplayer2.DefaultRenderersFactory.EXTENSION_RENDERER_MODE_PREFER}" />
    </annotation>
  </item>
  <item name="com.fyber.inneractive.sdk.player.exoplayer2.DefaultRenderersFactory void buildAudioRenderers(android.content.Context, com.fyber.inneractive.sdk.player.exoplayer2.drm.DrmSessionManager&lt;com.fyber.inneractive.sdk.player.exoplayer2.drm.FrameworkMediaCrypto&gt;, com.fyber.inneractive.sdk.player.exoplayer2.audio.AudioProcessor[], android.os.Handler, com.fyber.inneractive.sdk.player.exoplayer2.audio.AudioRendererEventListener, int, java.util.ArrayList&lt;com.fyber.inneractive.sdk.player.exoplayer2.Renderer&gt;) 5">
    <annotation name="androidx.annotation.IntDef">
      <val name="value" val="{com.fyber.inneractive.sdk.player.exoplayer2.DefaultRenderersFactory.EXTENSION_RENDERER_MODE_OFF, com.fyber.inneractive.sdk.player.exoplayer2.DefaultRenderersFactory.EXTENSION_RENDERER_MODE_ON, com.fyber.inneractive.sdk.player.exoplayer2.DefaultRenderersFactory.EXTENSION_RENDERER_MODE_PREFER}" />
    </annotation>
  </item>
  <item name="com.fyber.inneractive.sdk.player.exoplayer2.DefaultRenderersFactory void buildMetadataRenderers(android.content.Context, com.fyber.inneractive.sdk.player.exoplayer2.metadata.MetadataRenderer.Output, android.os.Looper, int, java.util.ArrayList&lt;com.fyber.inneractive.sdk.player.exoplayer2.Renderer&gt;) 3">
    <annotation name="androidx.annotation.IntDef">
      <val name="value" val="{com.fyber.inneractive.sdk.player.exoplayer2.DefaultRenderersFactory.EXTENSION_RENDERER_MODE_OFF, com.fyber.inneractive.sdk.player.exoplayer2.DefaultRenderersFactory.EXTENSION_RENDERER_MODE_ON, com.fyber.inneractive.sdk.player.exoplayer2.DefaultRenderersFactory.EXTENSION_RENDERER_MODE_PREFER}" />
    </annotation>
  </item>
  <item name="com.fyber.inneractive.sdk.player.exoplayer2.DefaultRenderersFactory void buildMiscellaneousRenderers(android.content.Context, android.os.Handler, int, java.util.ArrayList&lt;com.fyber.inneractive.sdk.player.exoplayer2.Renderer&gt;) 2">
    <annotation name="androidx.annotation.IntDef">
      <val name="value" val="{com.fyber.inneractive.sdk.player.exoplayer2.DefaultRenderersFactory.EXTENSION_RENDERER_MODE_OFF, com.fyber.inneractive.sdk.player.exoplayer2.DefaultRenderersFactory.EXTENSION_RENDERER_MODE_ON, com.fyber.inneractive.sdk.player.exoplayer2.DefaultRenderersFactory.EXTENSION_RENDERER_MODE_PREFER}" />
    </annotation>
  </item>
  <item name="com.fyber.inneractive.sdk.player.exoplayer2.DefaultRenderersFactory void buildTextRenderers(android.content.Context, com.fyber.inneractive.sdk.player.exoplayer2.text.TextRenderer.Output, android.os.Looper, int, java.util.ArrayList&lt;com.fyber.inneractive.sdk.player.exoplayer2.Renderer&gt;) 3">
    <annotation name="androidx.annotation.IntDef">
      <val name="value" val="{com.fyber.inneractive.sdk.player.exoplayer2.DefaultRenderersFactory.EXTENSION_RENDERER_MODE_OFF, com.fyber.inneractive.sdk.player.exoplayer2.DefaultRenderersFactory.EXTENSION_RENDERER_MODE_ON, com.fyber.inneractive.sdk.player.exoplayer2.DefaultRenderersFactory.EXTENSION_RENDERER_MODE_PREFER}" />
    </annotation>
  </item>
  <item name="com.fyber.inneractive.sdk.player.exoplayer2.DefaultRenderersFactory void buildVideoRenderers(android.content.Context, com.fyber.inneractive.sdk.player.exoplayer2.drm.DrmSessionManager&lt;com.fyber.inneractive.sdk.player.exoplayer2.drm.FrameworkMediaCrypto&gt;, long, android.os.Handler, com.fyber.inneractive.sdk.player.exoplayer2.video.VideoRendererEventListener, int, java.util.ArrayList&lt;com.fyber.inneractive.sdk.player.exoplayer2.Renderer&gt;) 5">
    <annotation name="androidx.annotation.IntDef">
      <val name="value" val="{com.fyber.inneractive.sdk.player.exoplayer2.DefaultRenderersFactory.EXTENSION_RENDERER_MODE_OFF, com.fyber.inneractive.sdk.player.exoplayer2.DefaultRenderersFactory.EXTENSION_RENDERER_MODE_ON, com.fyber.inneractive.sdk.player.exoplayer2.DefaultRenderersFactory.EXTENSION_RENDERER_MODE_PREFER}" />
    </annotation>
  </item>
  <item name="com.fyber.inneractive.sdk.player.exoplayer2.DefaultRenderersFactory.ExtensionRendererMode">
    <annotation name="androidx.annotation.IntDef">
      <val name="value" val="{com.fyber.inneractive.sdk.player.exoplayer2.DefaultRenderersFactory.EXTENSION_RENDERER_MODE_OFF, com.fyber.inneractive.sdk.player.exoplayer2.DefaultRenderersFactory.EXTENSION_RENDERER_MODE_ON, com.fyber.inneractive.sdk.player.exoplayer2.DefaultRenderersFactory.EXTENSION_RENDERER_MODE_PREFER}" />
    </annotation>
  </item>
  <item name="com.fyber.inneractive.sdk.player.exoplayer2.ExoPlaybackException ExoPlaybackException(int, java.lang.String, java.lang.Throwable, int) 0">
    <annotation name="androidx.annotation.IntDef">
      <val name="value" val="{com.fyber.inneractive.sdk.player.exoplayer2.ExoPlaybackException.TYPE_SOURCE, com.fyber.inneractive.sdk.player.exoplayer2.ExoPlaybackException.TYPE_RENDERER, com.fyber.inneractive.sdk.player.exoplayer2.ExoPlaybackException.TYPE_UNEXPECTED}" />
    </annotation>
  </item>
  <item name="com.fyber.inneractive.sdk.player.exoplayer2.ExoPlaybackException type">
    <annotation name="androidx.annotation.IntDef">
      <val name="value" val="{com.fyber.inneractive.sdk.player.exoplayer2.ExoPlaybackException.TYPE_SOURCE, com.fyber.inneractive.sdk.player.exoplayer2.ExoPlaybackException.TYPE_RENDERER, com.fyber.inneractive.sdk.player.exoplayer2.ExoPlaybackException.TYPE_UNEXPECTED}" />
    </annotation>
  </item>
  <item name="com.fyber.inneractive.sdk.player.exoplayer2.ExoPlaybackException.Type">
    <annotation name="androidx.annotation.IntDef">
      <val name="value" val="{com.fyber.inneractive.sdk.player.exoplayer2.ExoPlaybackException.TYPE_SOURCE, com.fyber.inneractive.sdk.player.exoplayer2.ExoPlaybackException.TYPE_RENDERER, com.fyber.inneractive.sdk.player.exoplayer2.ExoPlaybackException.TYPE_UNEXPECTED}" />
    </annotation>
  </item>
  <item name="com.fyber.inneractive.sdk.player.exoplayer2.ExoPlayerFactory com.fyber.inneractive.sdk.player.exoplayer2.SimpleExoPlayer newSimpleInstance(android.content.Context, com.fyber.inneractive.sdk.player.exoplayer2.trackselection.TrackSelector, com.fyber.inneractive.sdk.player.exoplayer2.LoadControl, com.fyber.inneractive.sdk.player.exoplayer2.drm.DrmSessionManager&lt;com.fyber.inneractive.sdk.player.exoplayer2.drm.FrameworkMediaCrypto&gt;, int) 4">
    <annotation name="androidx.annotation.IntDef">
      <val name="value" val="{com.fyber.inneractive.sdk.player.exoplayer2.DefaultRenderersFactory.EXTENSION_RENDERER_MODE_OFF, com.fyber.inneractive.sdk.player.exoplayer2.DefaultRenderersFactory.EXTENSION_RENDERER_MODE_ON, com.fyber.inneractive.sdk.player.exoplayer2.DefaultRenderersFactory.EXTENSION_RENDERER_MODE_PREFER}" />
    </annotation>
  </item>
  <item name="com.fyber.inneractive.sdk.player.exoplayer2.ExoPlayerFactory com.fyber.inneractive.sdk.player.exoplayer2.SimpleExoPlayer newSimpleInstance(android.content.Context, com.fyber.inneractive.sdk.player.exoplayer2.trackselection.TrackSelector, com.fyber.inneractive.sdk.player.exoplayer2.LoadControl, com.fyber.inneractive.sdk.player.exoplayer2.drm.DrmSessionManager&lt;com.fyber.inneractive.sdk.player.exoplayer2.drm.FrameworkMediaCrypto&gt;, int, long) 4">
    <annotation name="androidx.annotation.IntDef">
      <val name="value" val="{com.fyber.inneractive.sdk.player.exoplayer2.DefaultRenderersFactory.EXTENSION_RENDERER_MODE_OFF, com.fyber.inneractive.sdk.player.exoplayer2.DefaultRenderersFactory.EXTENSION_RENDERER_MODE_ON, com.fyber.inneractive.sdk.player.exoplayer2.DefaultRenderersFactory.EXTENSION_RENDERER_MODE_PREFER}" />
    </annotation>
  </item>
  <item name="com.fyber.inneractive.sdk.player.exoplayer2.Format Format(java.lang.String, java.lang.String, java.lang.String, java.lang.String, int, int, int, int, float, int, float, byte[], int, com.fyber.inneractive.sdk.player.exoplayer2.video.ColorInfo, int, int, int, int, int, int, java.lang.String, int, long, java.util.List&lt;byte[]&gt;, com.fyber.inneractive.sdk.player.exoplayer2.drm.DrmInitData, com.fyber.inneractive.sdk.player.exoplayer2.metadata.Metadata) 12">
    <annotation name="androidx.annotation.IntDef">
      <val name="value" val="{com.fyber.inneractive.sdk.player.exoplayer2.Format.NO_VALUE, com.fyber.inneractive.sdk.player.exoplayer2.C.STEREO_MODE_MONO, com.fyber.inneractive.sdk.player.exoplayer2.C.STEREO_MODE_TOP_BOTTOM, com.fyber.inneractive.sdk.player.exoplayer2.C.STEREO_MODE_LEFT_RIGHT, com.fyber.inneractive.sdk.player.exoplayer2.C.STEREO_MODE_STEREO_MESH}" />
    </annotation>
  </item>
  <item name="com.fyber.inneractive.sdk.player.exoplayer2.Format Format(java.lang.String, java.lang.String, java.lang.String, java.lang.String, int, int, int, int, float, int, float, byte[], int, com.fyber.inneractive.sdk.player.exoplayer2.video.ColorInfo, int, int, int, int, int, int, java.lang.String, int, long, java.util.List&lt;byte[]&gt;, com.fyber.inneractive.sdk.player.exoplayer2.drm.DrmInitData, com.fyber.inneractive.sdk.player.exoplayer2.metadata.Metadata) 16">
    <annotation name="androidx.annotation.IntDef">
      <val name="value" val="{com.fyber.inneractive.sdk.player.exoplayer2.Format.NO_VALUE, com.fyber.inneractive.sdk.player.exoplayer2.C.ENCODING_INVALID, com.fyber.inneractive.sdk.player.exoplayer2.C.ENCODING_PCM_8BIT, com.fyber.inneractive.sdk.player.exoplayer2.C.ENCODING_PCM_16BIT, com.fyber.inneractive.sdk.player.exoplayer2.C.ENCODING_PCM_24BIT, com.fyber.inneractive.sdk.player.exoplayer2.C.ENCODING_PCM_32BIT}" />
    </annotation>
  </item>
  <item name="com.fyber.inneractive.sdk.player.exoplayer2.Format Format(java.lang.String, java.lang.String, java.lang.String, java.lang.String, int, int, int, int, float, int, float, byte[], int, com.fyber.inneractive.sdk.player.exoplayer2.video.ColorInfo, int, int, int, int, int, int, java.lang.String, int, long, java.util.List&lt;byte[]&gt;, com.fyber.inneractive.sdk.player.exoplayer2.drm.DrmInitData, com.fyber.inneractive.sdk.player.exoplayer2.metadata.Metadata) 19">
    <annotation name="androidx.annotation.IntDef">
      <val name="flag" val="true" />
      <val name="value" val="{com.fyber.inneractive.sdk.player.exoplayer2.C.SELECTION_FLAG_DEFAULT, com.fyber.inneractive.sdk.player.exoplayer2.C.SELECTION_FLAG_FORCED, com.fyber.inneractive.sdk.player.exoplayer2.C.SELECTION_FLAG_AUTOSELECT}" />
    </annotation>
  </item>
  <item name="com.fyber.inneractive.sdk.player.exoplayer2.Format com.fyber.inneractive.sdk.player.exoplayer2.Format copyWithContainerInfo(java.lang.String, java.lang.String, int, int, int, int, java.lang.String) 5">
    <annotation name="androidx.annotation.IntDef">
      <val name="flag" val="true" />
      <val name="value" val="{com.fyber.inneractive.sdk.player.exoplayer2.C.SELECTION_FLAG_DEFAULT, com.fyber.inneractive.sdk.player.exoplayer2.C.SELECTION_FLAG_FORCED, com.fyber.inneractive.sdk.player.exoplayer2.C.SELECTION_FLAG_AUTOSELECT}" />
    </annotation>
  </item>
  <item name="com.fyber.inneractive.sdk.player.exoplayer2.Format com.fyber.inneractive.sdk.player.exoplayer2.Format createAudioContainerFormat(java.lang.String, java.lang.String, java.lang.String, java.lang.String, int, int, int, java.util.List&lt;byte[]&gt;, int, java.lang.String) 8">
    <annotation name="androidx.annotation.IntDef">
      <val name="flag" val="true" />
      <val name="value" val="{com.fyber.inneractive.sdk.player.exoplayer2.C.SELECTION_FLAG_DEFAULT, com.fyber.inneractive.sdk.player.exoplayer2.C.SELECTION_FLAG_FORCED, com.fyber.inneractive.sdk.player.exoplayer2.C.SELECTION_FLAG_AUTOSELECT}" />
    </annotation>
  </item>
  <item name="com.fyber.inneractive.sdk.player.exoplayer2.Format com.fyber.inneractive.sdk.player.exoplayer2.Format createAudioSampleFormat(java.lang.String, java.lang.String, java.lang.String, int, int, int, int, int, int, int, java.util.List&lt;byte[]&gt;, com.fyber.inneractive.sdk.player.exoplayer2.drm.DrmInitData, int, java.lang.String, com.fyber.inneractive.sdk.player.exoplayer2.metadata.Metadata) 12">
    <annotation name="androidx.annotation.IntDef">
      <val name="flag" val="true" />
      <val name="value" val="{com.fyber.inneractive.sdk.player.exoplayer2.C.SELECTION_FLAG_DEFAULT, com.fyber.inneractive.sdk.player.exoplayer2.C.SELECTION_FLAG_FORCED, com.fyber.inneractive.sdk.player.exoplayer2.C.SELECTION_FLAG_AUTOSELECT}" />
    </annotation>
  </item>
  <item name="com.fyber.inneractive.sdk.player.exoplayer2.Format com.fyber.inneractive.sdk.player.exoplayer2.Format createAudioSampleFormat(java.lang.String, java.lang.String, java.lang.String, int, int, int, int, int, int, int, java.util.List&lt;byte[]&gt;, com.fyber.inneractive.sdk.player.exoplayer2.drm.DrmInitData, int, java.lang.String, com.fyber.inneractive.sdk.player.exoplayer2.metadata.Metadata) 7">
    <annotation name="androidx.annotation.IntDef">
      <val name="value" val="{com.fyber.inneractive.sdk.player.exoplayer2.Format.NO_VALUE, com.fyber.inneractive.sdk.player.exoplayer2.C.ENCODING_INVALID, com.fyber.inneractive.sdk.player.exoplayer2.C.ENCODING_PCM_8BIT, com.fyber.inneractive.sdk.player.exoplayer2.C.ENCODING_PCM_16BIT, com.fyber.inneractive.sdk.player.exoplayer2.C.ENCODING_PCM_24BIT, com.fyber.inneractive.sdk.player.exoplayer2.C.ENCODING_PCM_32BIT}" />
    </annotation>
  </item>
  <item name="com.fyber.inneractive.sdk.player.exoplayer2.Format com.fyber.inneractive.sdk.player.exoplayer2.Format createAudioSampleFormat(java.lang.String, java.lang.String, java.lang.String, int, int, int, int, int, java.util.List&lt;byte[]&gt;, com.fyber.inneractive.sdk.player.exoplayer2.drm.DrmInitData, int, java.lang.String) 10">
    <annotation name="androidx.annotation.IntDef">
      <val name="flag" val="true" />
      <val name="value" val="{com.fyber.inneractive.sdk.player.exoplayer2.C.SELECTION_FLAG_DEFAULT, com.fyber.inneractive.sdk.player.exoplayer2.C.SELECTION_FLAG_FORCED, com.fyber.inneractive.sdk.player.exoplayer2.C.SELECTION_FLAG_AUTOSELECT}" />
    </annotation>
  </item>
  <item name="com.fyber.inneractive.sdk.player.exoplayer2.Format com.fyber.inneractive.sdk.player.exoplayer2.Format createAudioSampleFormat(java.lang.String, java.lang.String, java.lang.String, int, int, int, int, int, java.util.List&lt;byte[]&gt;, com.fyber.inneractive.sdk.player.exoplayer2.drm.DrmInitData, int, java.lang.String) 7">
    <annotation name="androidx.annotation.IntDef">
      <val name="value" val="{com.fyber.inneractive.sdk.player.exoplayer2.Format.NO_VALUE, com.fyber.inneractive.sdk.player.exoplayer2.C.ENCODING_INVALID, com.fyber.inneractive.sdk.player.exoplayer2.C.ENCODING_PCM_8BIT, com.fyber.inneractive.sdk.player.exoplayer2.C.ENCODING_PCM_16BIT, com.fyber.inneractive.sdk.player.exoplayer2.C.ENCODING_PCM_24BIT, com.fyber.inneractive.sdk.player.exoplayer2.C.ENCODING_PCM_32BIT}" />
    </annotation>
  </item>
  <item name="com.fyber.inneractive.sdk.player.exoplayer2.Format com.fyber.inneractive.sdk.player.exoplayer2.Format createAudioSampleFormat(java.lang.String, java.lang.String, java.lang.String, int, int, int, int, java.util.List&lt;byte[]&gt;, com.fyber.inneractive.sdk.player.exoplayer2.drm.DrmInitData, int, java.lang.String) 9">
    <annotation name="androidx.annotation.IntDef">
      <val name="flag" val="true" />
      <val name="value" val="{com.fyber.inneractive.sdk.player.exoplayer2.C.SELECTION_FLAG_DEFAULT, com.fyber.inneractive.sdk.player.exoplayer2.C.SELECTION_FLAG_FORCED, com.fyber.inneractive.sdk.player.exoplayer2.C.SELECTION_FLAG_AUTOSELECT}" />
    </annotation>
  </item>
  <item name="com.fyber.inneractive.sdk.player.exoplayer2.Format com.fyber.inneractive.sdk.player.exoplayer2.Format createContainerFormat(java.lang.String, java.lang.String, java.lang.String, java.lang.String, int, int, java.lang.String) 5">
    <annotation name="androidx.annotation.IntDef">
      <val name="flag" val="true" />
      <val name="value" val="{com.fyber.inneractive.sdk.player.exoplayer2.C.SELECTION_FLAG_DEFAULT, com.fyber.inneractive.sdk.player.exoplayer2.C.SELECTION_FLAG_FORCED, com.fyber.inneractive.sdk.player.exoplayer2.C.SELECTION_FLAG_AUTOSELECT}" />
    </annotation>
  </item>
  <item name="com.fyber.inneractive.sdk.player.exoplayer2.Format com.fyber.inneractive.sdk.player.exoplayer2.Format createTextContainerFormat(java.lang.String, java.lang.String, java.lang.String, java.lang.String, int, int, java.lang.String) 5">
    <annotation name="androidx.annotation.IntDef">
      <val name="flag" val="true" />
      <val name="value" val="{com.fyber.inneractive.sdk.player.exoplayer2.C.SELECTION_FLAG_DEFAULT, com.fyber.inneractive.sdk.player.exoplayer2.C.SELECTION_FLAG_FORCED, com.fyber.inneractive.sdk.player.exoplayer2.C.SELECTION_FLAG_AUTOSELECT}" />
    </annotation>
  </item>
  <item name="com.fyber.inneractive.sdk.player.exoplayer2.Format com.fyber.inneractive.sdk.player.exoplayer2.Format createTextContainerFormat(java.lang.String, java.lang.String, java.lang.String, java.lang.String, int, int, java.lang.String, int) 5">
    <annotation name="androidx.annotation.IntDef">
      <val name="flag" val="true" />
      <val name="value" val="{com.fyber.inneractive.sdk.player.exoplayer2.C.SELECTION_FLAG_DEFAULT, com.fyber.inneractive.sdk.player.exoplayer2.C.SELECTION_FLAG_FORCED, com.fyber.inneractive.sdk.player.exoplayer2.C.SELECTION_FLAG_AUTOSELECT}" />
    </annotation>
  </item>
  <item name="com.fyber.inneractive.sdk.player.exoplayer2.Format com.fyber.inneractive.sdk.player.exoplayer2.Format createTextSampleFormat(java.lang.String, java.lang.String, java.lang.String, int, int, java.lang.String, com.fyber.inneractive.sdk.player.exoplayer2.drm.DrmInitData) 4">
    <annotation name="androidx.annotation.IntDef">
      <val name="flag" val="true" />
      <val name="value" val="{com.fyber.inneractive.sdk.player.exoplayer2.C.SELECTION_FLAG_DEFAULT, com.fyber.inneractive.sdk.player.exoplayer2.C.SELECTION_FLAG_FORCED, com.fyber.inneractive.sdk.player.exoplayer2.C.SELECTION_FLAG_AUTOSELECT}" />
    </annotation>
  </item>
  <item name="com.fyber.inneractive.sdk.player.exoplayer2.Format com.fyber.inneractive.sdk.player.exoplayer2.Format createTextSampleFormat(java.lang.String, java.lang.String, java.lang.String, int, int, java.lang.String, com.fyber.inneractive.sdk.player.exoplayer2.drm.DrmInitData, long) 4">
    <annotation name="androidx.annotation.IntDef">
      <val name="flag" val="true" />
      <val name="value" val="{com.fyber.inneractive.sdk.player.exoplayer2.C.SELECTION_FLAG_DEFAULT, com.fyber.inneractive.sdk.player.exoplayer2.C.SELECTION_FLAG_FORCED, com.fyber.inneractive.sdk.player.exoplayer2.C.SELECTION_FLAG_AUTOSELECT}" />
    </annotation>
  </item>
  <item name="com.fyber.inneractive.sdk.player.exoplayer2.Format com.fyber.inneractive.sdk.player.exoplayer2.Format createTextSampleFormat(java.lang.String, java.lang.String, java.lang.String, int, int, java.lang.String, int, com.fyber.inneractive.sdk.player.exoplayer2.drm.DrmInitData) 4">
    <annotation name="androidx.annotation.IntDef">
      <val name="flag" val="true" />
      <val name="value" val="{com.fyber.inneractive.sdk.player.exoplayer2.C.SELECTION_FLAG_DEFAULT, com.fyber.inneractive.sdk.player.exoplayer2.C.SELECTION_FLAG_FORCED, com.fyber.inneractive.sdk.player.exoplayer2.C.SELECTION_FLAG_AUTOSELECT}" />
    </annotation>
  </item>
  <item name="com.fyber.inneractive.sdk.player.exoplayer2.Format com.fyber.inneractive.sdk.player.exoplayer2.Format createTextSampleFormat(java.lang.String, java.lang.String, java.lang.String, int, int, java.lang.String, int, com.fyber.inneractive.sdk.player.exoplayer2.drm.DrmInitData, long, java.util.List&lt;byte[]&gt;) 4">
    <annotation name="androidx.annotation.IntDef">
      <val name="flag" val="true" />
      <val name="value" val="{com.fyber.inneractive.sdk.player.exoplayer2.C.SELECTION_FLAG_DEFAULT, com.fyber.inneractive.sdk.player.exoplayer2.C.SELECTION_FLAG_FORCED, com.fyber.inneractive.sdk.player.exoplayer2.C.SELECTION_FLAG_AUTOSELECT}" />
    </annotation>
  </item>
  <item name="com.fyber.inneractive.sdk.player.exoplayer2.Format com.fyber.inneractive.sdk.player.exoplayer2.Format createVideoContainerFormat(java.lang.String, java.lang.String, java.lang.String, java.lang.String, int, int, int, float, java.util.List&lt;byte[]&gt;, int) 9">
    <annotation name="androidx.annotation.IntDef">
      <val name="flag" val="true" />
      <val name="value" val="{com.fyber.inneractive.sdk.player.exoplayer2.C.SELECTION_FLAG_DEFAULT, com.fyber.inneractive.sdk.player.exoplayer2.C.SELECTION_FLAG_FORCED, com.fyber.inneractive.sdk.player.exoplayer2.C.SELECTION_FLAG_AUTOSELECT}" />
    </annotation>
  </item>
  <item name="com.fyber.inneractive.sdk.player.exoplayer2.Format com.fyber.inneractive.sdk.player.exoplayer2.Format createVideoSampleFormat(java.lang.String, java.lang.String, java.lang.String, int, int, int, int, float, java.util.List&lt;byte[]&gt;, int, float, byte[], int, com.fyber.inneractive.sdk.player.exoplayer2.video.ColorInfo, com.fyber.inneractive.sdk.player.exoplayer2.drm.DrmInitData) 12">
    <annotation name="androidx.annotation.IntDef">
      <val name="value" val="{com.fyber.inneractive.sdk.player.exoplayer2.Format.NO_VALUE, com.fyber.inneractive.sdk.player.exoplayer2.C.STEREO_MODE_MONO, com.fyber.inneractive.sdk.player.exoplayer2.C.STEREO_MODE_TOP_BOTTOM, com.fyber.inneractive.sdk.player.exoplayer2.C.STEREO_MODE_LEFT_RIGHT, com.fyber.inneractive.sdk.player.exoplayer2.C.STEREO_MODE_STEREO_MESH}" />
    </annotation>
  </item>
  <item name="com.fyber.inneractive.sdk.player.exoplayer2.Format pcmEncoding">
    <annotation name="androidx.annotation.IntDef">
      <val name="value" val="{com.fyber.inneractive.sdk.player.exoplayer2.Format.NO_VALUE, com.fyber.inneractive.sdk.player.exoplayer2.C.ENCODING_INVALID, com.fyber.inneractive.sdk.player.exoplayer2.C.ENCODING_PCM_8BIT, com.fyber.inneractive.sdk.player.exoplayer2.C.ENCODING_PCM_16BIT, com.fyber.inneractive.sdk.player.exoplayer2.C.ENCODING_PCM_24BIT, com.fyber.inneractive.sdk.player.exoplayer2.C.ENCODING_PCM_32BIT}" />
    </annotation>
  </item>
  <item name="com.fyber.inneractive.sdk.player.exoplayer2.Format selectionFlags">
    <annotation name="androidx.annotation.IntDef">
      <val name="flag" val="true" />
      <val name="value" val="{com.fyber.inneractive.sdk.player.exoplayer2.C.SELECTION_FLAG_DEFAULT, com.fyber.inneractive.sdk.player.exoplayer2.C.SELECTION_FLAG_FORCED, com.fyber.inneractive.sdk.player.exoplayer2.C.SELECTION_FLAG_AUTOSELECT}" />
    </annotation>
  </item>
  <item name="com.fyber.inneractive.sdk.player.exoplayer2.Format stereoMode">
    <annotation name="androidx.annotation.IntDef">
      <val name="value" val="{com.fyber.inneractive.sdk.player.exoplayer2.Format.NO_VALUE, com.fyber.inneractive.sdk.player.exoplayer2.C.STEREO_MODE_MONO, com.fyber.inneractive.sdk.player.exoplayer2.C.STEREO_MODE_TOP_BOTTOM, com.fyber.inneractive.sdk.player.exoplayer2.C.STEREO_MODE_LEFT_RIGHT, com.fyber.inneractive.sdk.player.exoplayer2.C.STEREO_MODE_STEREO_MESH}" />
    </annotation>
  </item>
  <item name="com.fyber.inneractive.sdk.player.exoplayer2.SimpleExoPlayer audioStreamType">
    <annotation name="androidx.annotation.IntDef">
      <val name="value" val="{com.fyber.inneractive.sdk.player.exoplayer2.C.STREAM_TYPE_ALARM, com.fyber.inneractive.sdk.player.exoplayer2.C.STREAM_TYPE_MUSIC, com.fyber.inneractive.sdk.player.exoplayer2.C.STREAM_TYPE_NOTIFICATION, com.fyber.inneractive.sdk.player.exoplayer2.C.STREAM_TYPE_RING, com.fyber.inneractive.sdk.player.exoplayer2.C.STREAM_TYPE_SYSTEM, com.fyber.inneractive.sdk.player.exoplayer2.C.STREAM_TYPE_VOICE_CALL}" />
    </annotation>
  </item>
  <item name="com.fyber.inneractive.sdk.player.exoplayer2.SimpleExoPlayer int getAudioStreamType()">
    <annotation name="androidx.annotation.IntDef">
      <val name="value" val="{com.fyber.inneractive.sdk.player.exoplayer2.C.STREAM_TYPE_ALARM, com.fyber.inneractive.sdk.player.exoplayer2.C.STREAM_TYPE_MUSIC, com.fyber.inneractive.sdk.player.exoplayer2.C.STREAM_TYPE_NOTIFICATION, com.fyber.inneractive.sdk.player.exoplayer2.C.STREAM_TYPE_RING, com.fyber.inneractive.sdk.player.exoplayer2.C.STREAM_TYPE_SYSTEM, com.fyber.inneractive.sdk.player.exoplayer2.C.STREAM_TYPE_VOICE_CALL}" />
    </annotation>
  </item>
  <item name="com.fyber.inneractive.sdk.player.exoplayer2.SimpleExoPlayer int getVideoScalingMode()">
    <annotation name="androidx.annotation.IntDef">
      <val name="value" val="{com.fyber.inneractive.sdk.player.exoplayer2.C.VIDEO_SCALING_MODE_SCALE_TO_FIT, com.fyber.inneractive.sdk.player.exoplayer2.C.VIDEO_SCALING_MODE_SCALE_TO_FIT_WITH_CROPPING}" />
    </annotation>
  </item>
  <item name="com.fyber.inneractive.sdk.player.exoplayer2.SimpleExoPlayer videoScalingMode">
    <annotation name="androidx.annotation.IntDef">
      <val name="value" val="{com.fyber.inneractive.sdk.player.exoplayer2.C.VIDEO_SCALING_MODE_SCALE_TO_FIT, com.fyber.inneractive.sdk.player.exoplayer2.C.VIDEO_SCALING_MODE_SCALE_TO_FIT_WITH_CROPPING}" />
    </annotation>
  </item>
  <item name="com.fyber.inneractive.sdk.player.exoplayer2.SimpleExoPlayer void setAudioStreamType(int) 0">
    <annotation name="androidx.annotation.IntDef">
      <val name="value" val="{com.fyber.inneractive.sdk.player.exoplayer2.C.STREAM_TYPE_ALARM, com.fyber.inneractive.sdk.player.exoplayer2.C.STREAM_TYPE_MUSIC, com.fyber.inneractive.sdk.player.exoplayer2.C.STREAM_TYPE_NOTIFICATION, com.fyber.inneractive.sdk.player.exoplayer2.C.STREAM_TYPE_RING, com.fyber.inneractive.sdk.player.exoplayer2.C.STREAM_TYPE_SYSTEM, com.fyber.inneractive.sdk.player.exoplayer2.C.STREAM_TYPE_VOICE_CALL}" />
    </annotation>
  </item>
  <item name="com.fyber.inneractive.sdk.player.exoplayer2.SimpleExoPlayer void setVideoScalingMode(int) 0">
    <annotation name="androidx.annotation.IntDef">
      <val name="value" val="{com.fyber.inneractive.sdk.player.exoplayer2.C.VIDEO_SCALING_MODE_SCALE_TO_FIT, com.fyber.inneractive.sdk.player.exoplayer2.C.VIDEO_SCALING_MODE_SCALE_TO_FIT_WITH_CROPPING}" />
    </annotation>
  </item>
</root>

