<?xml version="1.0" encoding="UTF-8"?>
<root>
  <item name="com.vungle.warren.error.VungleError VungleError(int) 0">
    <annotation name="androidx.annotation.IntDef">
      <val name="value" val="{com.vungle.warren.error.VungleError.NO_AD_AVAILABLE, com.vungle.warren.error.VungleError.SLEEP, com.vungle.warren.error.VungleError.ID_NOT_FOUND, com.vungle.warren.error.VungleError.UNKNOWN_ERROR, com.vungle.warren.error.VungleError.MRAID_FILE_MISSING, com.vungle.warren.error.VungleError.INDEX_HTML_MISSING, com.vungle.warren.error.VungleError.WILL_PLAY_AD_DISABLED, com.vungle.warren.error.VungleError.CONFIG_FAILED, com.vungle.warren.error.VungleError.MALFORMED_AD_RESPONSE, com.vungle.warren.error.VungleError.INVALID_URL}" />
    </annotation>
  </item>
  <item name="com.vungle.warren.error.VungleError code">
    <annotation name="androidx.annotation.IntDef">
      <val name="value" val="{com.vungle.warren.error.VungleError.NO_AD_AVAILABLE, com.vungle.warren.error.VungleError.SLEEP, com.vungle.warren.error.VungleError.ID_NOT_FOUND, com.vungle.warren.error.VungleError.UNKNOWN_ERROR, com.vungle.warren.error.VungleError.MRAID_FILE_MISSING, com.vungle.warren.error.VungleError.INDEX_HTML_MISSING, com.vungle.warren.error.VungleError.WILL_PLAY_AD_DISABLED, com.vungle.warren.error.VungleError.CONFIG_FAILED, com.vungle.warren.error.VungleError.MALFORMED_AD_RESPONSE, com.vungle.warren.error.VungleError.INVALID_URL}" />
    </annotation>
  </item>
  <item name="com.vungle.warren.error.VungleError int getErrorCode()">
    <annotation name="androidx.annotation.IntDef">
      <val name="value" val="{com.vungle.warren.error.VungleError.NO_AD_AVAILABLE, com.vungle.warren.error.VungleError.SLEEP, com.vungle.warren.error.VungleError.ID_NOT_FOUND, com.vungle.warren.error.VungleError.UNKNOWN_ERROR, com.vungle.warren.error.VungleError.MRAID_FILE_MISSING, com.vungle.warren.error.VungleError.INDEX_HTML_MISSING, com.vungle.warren.error.VungleError.WILL_PLAY_AD_DISABLED, com.vungle.warren.error.VungleError.CONFIG_FAILED, com.vungle.warren.error.VungleError.MALFORMED_AD_RESPONSE, com.vungle.warren.error.VungleError.INVALID_URL}" />
    </annotation>
  </item>
  <item name="com.vungle.warren.error.VungleException VungleException(int) 0">
    <annotation name="androidx.annotation.IntDef">
      <val name="value" val="{com.vungle.warren.error.VungleException.NO_SERVE, com.vungle.warren.error.VungleException.UNKNOWN_ERROR, com.vungle.warren.error.VungleException.CONFIGURATION_ERROR, com.vungle.warren.error.VungleException.AD_EXPIRED, com.vungle.warren.error.VungleException.DIRECT_DOWNLOAD_VALIDATION_ERROR, com.vungle.warren.error.VungleException.MISSING_REQUIRED_ARGUMENTS_FOR_INIT, com.vungle.warren.error.VungleException.APPLICATION_CONTEXT_REQUIRED, com.vungle.warren.error.VungleException.OPERATION_ONGOING, com.vungle.warren.error.VungleException.VUNGLE_NOT_INTIALIZED, com.vungle.warren.error.VungleException.AD_UNABLE_TO_PLAY, com.vungle.warren.error.VungleException.PLACEMENT_NOT_FOUND, com.vungle.warren.error.VungleException.AD_FAILED_TO_DOWNLOAD, com.vungle.warren.error.VungleException.NO_AUTO_CACHED_PLACEMENT, com.vungle.warren.error.VungleException.SERVER_RETRY_ERROR, com.vungle.warren.error.VungleException.ALREADY_PLAYING_ANOTHER_AD, com.vungle.warren.error.VungleException.NO_SPACE_TO_INIT, com.vungle.warren.error.VungleException.NO_SPACE_TO_LOAD_AD, com.vungle.warren.error.VungleException.NO_SPACE_TO_LOAD_AD_AUTO_CACHED, com.vungle.warren.error.VungleException.NO_SPACE_TO_DOWNLOAD_ASSETS, com.vungle.warren.error.VungleException.NETWORK_ERROR, com.vungle.warren.error.VungleException.SERVER_ERROR, com.vungle.warren.error.VungleException.SERVER_TEMPORARY_UNAVAILABLE, com.vungle.warren.error.VungleException.ASSET_DOWNLOAD_RECOVERABLE, com.vungle.warren.error.VungleException.ASSET_DOWNLOAD_ERROR, com.vungle.warren.error.VungleException.OPERATION_CANCELED, com.vungle.warren.error.VungleException.DB_ERROR, com.vungle.warren.error.VungleException.RENDER_ERROR, com.vungle.warren.error.VungleException.INVALID_SIZE, com.vungle.warren.error.VungleException.INCORRECT_DEFAULT_API_USAGE, com.vungle.warren.error.VungleException.INCORRECT_BANNER_API_USAGE, com.vungle.warren.error.VungleException.WEB_CRASH, com.vungle.warren.error.VungleException.WEBVIEW_RENDER_UNRESPONSIVE, com.vungle.warren.error.VungleException.NETWORK_UNREACHABLE, com.vungle.warren.error.VungleException.NETWORK_PERMISSIONS_NOT_GRANTED, com.vungle.warren.error.VungleException.OK_HTTP_NOT_SUPPORTED_PLATFORM, com.vungle.warren.error.VungleException.UNSUPPORTED_CONFIGURATION}" />
    </annotation>
  </item>
  <item name="com.vungle.warren.error.VungleException exceptionCode">
    <annotation name="androidx.annotation.IntDef">
      <val name="value" val="{com.vungle.warren.error.VungleException.NO_SERVE, com.vungle.warren.error.VungleException.UNKNOWN_ERROR, com.vungle.warren.error.VungleException.CONFIGURATION_ERROR, com.vungle.warren.error.VungleException.AD_EXPIRED, com.vungle.warren.error.VungleException.DIRECT_DOWNLOAD_VALIDATION_ERROR, com.vungle.warren.error.VungleException.MISSING_REQUIRED_ARGUMENTS_FOR_INIT, com.vungle.warren.error.VungleException.APPLICATION_CONTEXT_REQUIRED, com.vungle.warren.error.VungleException.OPERATION_ONGOING, com.vungle.warren.error.VungleException.VUNGLE_NOT_INTIALIZED, com.vungle.warren.error.VungleException.AD_UNABLE_TO_PLAY, com.vungle.warren.error.VungleException.PLACEMENT_NOT_FOUND, com.vungle.warren.error.VungleException.AD_FAILED_TO_DOWNLOAD, com.vungle.warren.error.VungleException.NO_AUTO_CACHED_PLACEMENT, com.vungle.warren.error.VungleException.SERVER_RETRY_ERROR, com.vungle.warren.error.VungleException.ALREADY_PLAYING_ANOTHER_AD, com.vungle.warren.error.VungleException.NO_SPACE_TO_INIT, com.vungle.warren.error.VungleException.NO_SPACE_TO_LOAD_AD, com.vungle.warren.error.VungleException.NO_SPACE_TO_LOAD_AD_AUTO_CACHED, com.vungle.warren.error.VungleException.NO_SPACE_TO_DOWNLOAD_ASSETS, com.vungle.warren.error.VungleException.NETWORK_ERROR, com.vungle.warren.error.VungleException.SERVER_ERROR, com.vungle.warren.error.VungleException.SERVER_TEMPORARY_UNAVAILABLE, com.vungle.warren.error.VungleException.ASSET_DOWNLOAD_RECOVERABLE, com.vungle.warren.error.VungleException.ASSET_DOWNLOAD_ERROR, com.vungle.warren.error.VungleException.OPERATION_CANCELED, com.vungle.warren.error.VungleException.DB_ERROR, com.vungle.warren.error.VungleException.RENDER_ERROR, com.vungle.warren.error.VungleException.INVALID_SIZE, com.vungle.warren.error.VungleException.INCORRECT_DEFAULT_API_USAGE, com.vungle.warren.error.VungleException.INCORRECT_BANNER_API_USAGE, com.vungle.warren.error.VungleException.WEB_CRASH, com.vungle.warren.error.VungleException.WEBVIEW_RENDER_UNRESPONSIVE, com.vungle.warren.error.VungleException.NETWORK_UNREACHABLE, com.vungle.warren.error.VungleException.NETWORK_PERMISSIONS_NOT_GRANTED, com.vungle.warren.error.VungleException.OK_HTTP_NOT_SUPPORTED_PLATFORM, com.vungle.warren.error.VungleException.UNSUPPORTED_CONFIGURATION}" />
    </annotation>
  </item>
  <item name="com.vungle.warren.error.VungleException int getExceptionCode()">
    <annotation name="androidx.annotation.IntDef">
      <val name="value" val="{com.vungle.warren.error.VungleException.NO_SERVE, com.vungle.warren.error.VungleException.UNKNOWN_ERROR, com.vungle.warren.error.VungleException.CONFIGURATION_ERROR, com.vungle.warren.error.VungleException.AD_EXPIRED, com.vungle.warren.error.VungleException.DIRECT_DOWNLOAD_VALIDATION_ERROR, com.vungle.warren.error.VungleException.MISSING_REQUIRED_ARGUMENTS_FOR_INIT, com.vungle.warren.error.VungleException.APPLICATION_CONTEXT_REQUIRED, com.vungle.warren.error.VungleException.OPERATION_ONGOING, com.vungle.warren.error.VungleException.VUNGLE_NOT_INTIALIZED, com.vungle.warren.error.VungleException.AD_UNABLE_TO_PLAY, com.vungle.warren.error.VungleException.PLACEMENT_NOT_FOUND, com.vungle.warren.error.VungleException.AD_FAILED_TO_DOWNLOAD, com.vungle.warren.error.VungleException.NO_AUTO_CACHED_PLACEMENT, com.vungle.warren.error.VungleException.SERVER_RETRY_ERROR, com.vungle.warren.error.VungleException.ALREADY_PLAYING_ANOTHER_AD, com.vungle.warren.error.VungleException.NO_SPACE_TO_INIT, com.vungle.warren.error.VungleException.NO_SPACE_TO_LOAD_AD, com.vungle.warren.error.VungleException.NO_SPACE_TO_LOAD_AD_AUTO_CACHED, com.vungle.warren.error.VungleException.NO_SPACE_TO_DOWNLOAD_ASSETS, com.vungle.warren.error.VungleException.NETWORK_ERROR, com.vungle.warren.error.VungleException.SERVER_ERROR, com.vungle.warren.error.VungleException.SERVER_TEMPORARY_UNAVAILABLE, com.vungle.warren.error.VungleException.ASSET_DOWNLOAD_RECOVERABLE, com.vungle.warren.error.VungleException.ASSET_DOWNLOAD_ERROR, com.vungle.warren.error.VungleException.OPERATION_CANCELED, com.vungle.warren.error.VungleException.DB_ERROR, com.vungle.warren.error.VungleException.RENDER_ERROR, com.vungle.warren.error.VungleException.INVALID_SIZE, com.vungle.warren.error.VungleException.INCORRECT_DEFAULT_API_USAGE, com.vungle.warren.error.VungleException.INCORRECT_BANNER_API_USAGE, com.vungle.warren.error.VungleException.WEB_CRASH, com.vungle.warren.error.VungleException.WEBVIEW_RENDER_UNRESPONSIVE, com.vungle.warren.error.VungleException.NETWORK_UNREACHABLE, com.vungle.warren.error.VungleException.NETWORK_PERMISSIONS_NOT_GRANTED, com.vungle.warren.error.VungleException.OK_HTTP_NOT_SUPPORTED_PLATFORM, com.vungle.warren.error.VungleException.UNSUPPORTED_CONFIGURATION}" />
    </annotation>
  </item>
  <item name="com.vungle.warren.error.VungleException.ExceptionCode">
    <annotation name="androidx.annotation.IntDef">
      <val name="value" val="{com.vungle.warren.error.VungleException.NO_SERVE, com.vungle.warren.error.VungleException.UNKNOWN_ERROR, com.vungle.warren.error.VungleException.CONFIGURATION_ERROR, com.vungle.warren.error.VungleException.AD_EXPIRED, com.vungle.warren.error.VungleException.DIRECT_DOWNLOAD_VALIDATION_ERROR, com.vungle.warren.error.VungleException.MISSING_REQUIRED_ARGUMENTS_FOR_INIT, com.vungle.warren.error.VungleException.APPLICATION_CONTEXT_REQUIRED, com.vungle.warren.error.VungleException.OPERATION_ONGOING, com.vungle.warren.error.VungleException.VUNGLE_NOT_INTIALIZED, com.vungle.warren.error.VungleException.AD_UNABLE_TO_PLAY, com.vungle.warren.error.VungleException.PLACEMENT_NOT_FOUND, com.vungle.warren.error.VungleException.AD_FAILED_TO_DOWNLOAD, com.vungle.warren.error.VungleException.NO_AUTO_CACHED_PLACEMENT, com.vungle.warren.error.VungleException.SERVER_RETRY_ERROR, com.vungle.warren.error.VungleException.ALREADY_PLAYING_ANOTHER_AD, com.vungle.warren.error.VungleException.NO_SPACE_TO_INIT, com.vungle.warren.error.VungleException.NO_SPACE_TO_LOAD_AD, com.vungle.warren.error.VungleException.NO_SPACE_TO_LOAD_AD_AUTO_CACHED, com.vungle.warren.error.VungleException.NO_SPACE_TO_DOWNLOAD_ASSETS, com.vungle.warren.error.VungleException.NETWORK_ERROR, com.vungle.warren.error.VungleException.SERVER_ERROR, com.vungle.warren.error.VungleException.SERVER_TEMPORARY_UNAVAILABLE, com.vungle.warren.error.VungleException.ASSET_DOWNLOAD_RECOVERABLE, com.vungle.warren.error.VungleException.ASSET_DOWNLOAD_ERROR, com.vungle.warren.error.VungleException.OPERATION_CANCELED, com.vungle.warren.error.VungleException.DB_ERROR, com.vungle.warren.error.VungleException.RENDER_ERROR, com.vungle.warren.error.VungleException.INVALID_SIZE, com.vungle.warren.error.VungleException.INCORRECT_DEFAULT_API_USAGE, com.vungle.warren.error.VungleException.INCORRECT_BANNER_API_USAGE, com.vungle.warren.error.VungleException.WEB_CRASH, com.vungle.warren.error.VungleException.WEBVIEW_RENDER_UNRESPONSIVE, com.vungle.warren.error.VungleException.NETWORK_UNREACHABLE, com.vungle.warren.error.VungleException.NETWORK_PERMISSIONS_NOT_GRANTED, com.vungle.warren.error.VungleException.OK_HTTP_NOT_SUPPORTED_PLATFORM, com.vungle.warren.error.VungleException.UNSUPPORTED_CONFIGURATION}" />
    </annotation>
  </item>
</root>

